precision,recall,f1-score,support
0.8723626852659111,0.9617454825067282,0.9148761086221084,5202.0
0.3475409836065574,0.12649164677804295,0.18547681539807523,838.0
