precision,recall,f1-score,support
0.8924949290060852,0.7902298850574713,0.8382549056963231,5568.0
0.2454780361757106,0.4175824175824176,0.30919446704637915,910.0
