precision,recall,f1-score,support
0.8743937924345296,0.9774123599566318,0.923037542662116,5534.0
0.5689655172413793,0.1751592356687898,0.26785714285714285,942.0
