precision,recall,f1-score,support
0.8595245446125347,1.0,0.9244562510376889,5568.0
0.0,0.0,0.0,910.0
