precision,recall,f1-score,support
0.865901002911679,0.9672930972172028,0.9137931034482759,5534.0
0.3843537414965986,0.11995753715498939,0.18284789644012944,942.0
