precision,recall,f1-score,support
0.8493150684931506,1.0,0.9185185185185185,4464.0
0.0,0.0,0.0,792.0
