precision,recall,f1-score,support
0.8529619181946403,1.0,0.9206470028544244,4838.0
0.0,0.0,0.0,834.0
