precision,recall,f1-score,support
0.8749134948096886,0.967291507268554,0.9187863372093024,5228.0
0.3892857142857143,0.1310096153846154,0.1960431654676259,832.0
