precision,recall,f1-score,support
0.8733180177223498,0.9570221183240425,0.9132561132561132,5561.0
0.3379501385041551,0.13646532438478748,0.1944223107569721,894.0
