precision,recall,f1-score,support
0.8591689972033559,0.9634856630824373,0.9083421330517424,4464.0
0.348,0.10984848484848485,0.16698656429942418,792.0
