precision,recall,f1-score,support
0.8600339873319944,0.9998204022988506,0.9246740303961465,5568.0
0.8,0.004395604395604396,0.008743169398907104,910.0
