precision,recall,f1-score,support
0.8710995542347697,0.9694088466308391,0.9176286441009587,4838.0
0.4861111111111111,0.16786570743405277,0.24955436720142601,834.0
