precision,recall,f1-score,support
0.8615027110766847,1.0,0.9255992010652463,5561.0
0.0,0.0,0.0,894.0
