precision,recall,f1-score,support
0.8723856209150327,0.9588721264367817,0.913586584531143,5568.0
0.36033519553072624,0.14175824175824175,0.20347003154574134,910.0
