precision,recall,f1-score,support
0.8888433141919606,0.7793562308937242,0.830506850627575,5561.0
0.22292590246991767,0.39373601789709173,0.2846744844318641,894.0
