precision,recall,f1-score,support
0.8627997769102064,0.9592806945018603,0.908485856905158,4838.0
0.32764505119453924,0.11510791366906475,0.17036379769299023,834.0
