precision,recall,f1-score,support
0.8612582781456953,1.0,0.9254581035402953,5202.0
0.0,0.0,0.0,838.0
