precision,recall,f1-score,support
0.8629910861670518,1.0,0.9264575580365054,5228.0
1.0,0.002403846153846154,0.004796163069544364,832.0
