precision,recall,f1-score,support
0.8627062706270627,1.0,0.926293408929837,5228.0
0.0,0.0,0.0,832.0
