precision,recall,f1-score,support
0.8780656303972366,0.9773164167627836,0.9250363901018923,5202.0
0.528,0.1575178997613365,0.2426470588235294,838.0
