precision,recall,f1-score,support
0.8548910523875753,0.9996385977593061,0.92161599333611,5534.0
0.6,0.0031847133757961785,0.006335797254487857,942.0
