precision,recall,f1-score,support
0.8926901827454313,0.803557765876052,0.8457821622709886,5228.0
0.241506646971935,0.39302884615384615,0.2991765782250686,832.0
