precision,recall,f1-score,support
0.8844621513944223,0.976664116296863,0.9282792473411509,5228.0
0.5749128919860628,0.19831730769230768,0.2949061662198391,832.0
