precision,recall,f1-score,support
0.8764753435731609,0.9748246718216148,0.923037629831432,5561.0
0.48148148148148145,0.14541387024608501,0.22336769759450173,894.0
