precision,recall,f1-score,support
0.8532369024519315,0.9997933030177759,0.9207195203197868,4838.0
0.6666666666666666,0.002398081534772182,0.0047789725209080045,834.0
