precision,recall,f1-score,support
0.8869372097718554,0.7938200216841345,0.837799179937065,5534.0
0.2508207485226527,0.40552016985138006,0.3099391480730223,942.0
