precision,recall,f1-score,support
0.8674121405750799,0.9731182795698925,0.9172297297297297,4464.0
0.5161290322580645,0.16161616161616163,0.24615384615384617,792.0
