precision,recall,f1-score,support
0.8615206228259069,0.9998077662437524,0.9255271821336418,5202.0
0.6666666666666666,0.002386634844868735,0.0047562425683709865,838.0
