precision,recall,f1-score,support
0.876433532547246,0.9744971264367817,0.922867590781529,5568.0
0.5052264808362369,0.15934065934065933,0.24227234753550542,910.0
