precision,recall,f1-score,support
0.8545398394070414,1.0,0.9215653621981682,5534.0
0.0,0.0,0.0,942.0
