precision,recall,f1-score,support
0.8617482951022939,0.9998201762272972,0.9256638641471739,5561.0
0.6666666666666666,0.0022371364653243847,0.004459308807134894,894.0
