precision,recall,f1-score,support
0.881021897810219,0.8111559139784946,0.8446466060181945,4464.0
0.2643979057591623,0.38257575757575757,0.3126934984520124,792.0
