precision,recall,f1-score,support
0.8813718581160441,0.7755270773046713,0.8250687190764157,4838.0
0.2325088339222615,0.39448441247002397,0.2925744775455758,834.0
