precision,recall,f1-score,support
0.887082791504118,0.7868127643214149,0.8339445802770986,5202.0
0.22230014025245443,0.37828162291169454,0.28003533568904593,838.0
